Unnamed: 0,Image_link,Filename,Height & Weight,Height,Weight,height_inches,weight_lbs,BMI,Category
0,https://height-weight-chart.com/410-090.html,410-090_Del_L1.jpg," 4' 10"" 100 lbs.","4' 10""",100 lbs.,58,100.0,20.9,Normal
1,https://height-weight-chart.com/410-100.html,410-100_Cece_L1.jpg," 4' 10"" 110 lbs.","4' 10""",110 lbs.,58,110.0,22.99,Normal
2,https://height-weight-chart.com/410-110.html,410-110_Kaye_L1.jpg," 4' 10"" 120 lbs.","4' 10""",120 lbs.,58,120.0,25.08,Overweight
3,https://height-weight-chart.com/410-120.html,410-120_Firie_L1.jpg," 4' 10"" 160 lbs.","4' 10""",160 lbs.,58,160.0,33.44,Obesity
4,https://height-weight-chart.com/410-160.html,410-160_Sarah_L1.jpg," 4' 10"" 170 lbs.","4' 10""",170 lbs.,58,170.0,35.53,Obesity
5,https://height-weight-chart.com/410-170.html,410-170_Tiffany_L1.jpg," 4' 10"" 190 lbs.","4' 10""",190 lbs.,58,190.0,39.71,Obesity
6,https://height-weight-chart.com/410-190.html,410-190_TFergusu_L1.jpg," 4' 10"" 90 lbs.","4' 10""",90 lbs.,58,90.0,18.81,Normal
7,https://height-weight-chart.com/411-090.html,410-90_Katherine_L1.jpg," 4' 11"" 100 lbs.","4' 11""",100 lbs.,59,100.0,20.2,Normal
8,https://height-weight-chart.com/411-100.html,411-100_Beth_L1.jpg," 4' 11"" 110 lbs.","4' 11""",110 lbs.,59,110.0,22.21,Normal
9,https://height-weight-chart.com/411-110.html,411-110_Christina_L1.jpg," 4' 11"" 120 lbs.","4' 11""",120 lbs.,59,120.0,24.23,Normal
10,https://height-weight-chart.com/411-120.html,411-120_saidy_L1.jpg," 4' 11"" 130 lbs.","4' 11""",130 lbs.,59,130.0,26.25,Overweight
11,https://height-weight-chart.com/411-130.html,411-130_Joanna_L1.jpg," 4' 11"" 150 lbs.","4' 11""",150 lbs.,59,150.0,30.29,Obesity
12,https://height-weight-chart.com/411-150.html,411-150_Elana_L1.jpg," 4' 11"" 170 lbs.","4' 11""",170 lbs.,59,170.0,34.33,Obesity
13,https://height-weight-chart.com/411-170.html,411-170_Cristen_L1.jpg," 4' 11"" 190 lbs.","4' 11""",190 lbs.,59,190.0,38.37,Obesity
14,https://height-weight-chart.com/411-190.html,411-190_Deb_L1.jpg," 4' 11"" 210 lbs.","4' 11""",210 lbs.,59,210.0,42.41,Obesity
15,https://height-weight-chart.com/411-210.html,411-210_candice_L1.jpg," 4' 11"" 230 lbs.","4' 11""",230 lbs.,59,230.0,46.45,Obesity
16,https://height-weight-chart.com/411-230.html,411-230_Shanta_L1.jpg," 4' 11"" 90 lbs.","4' 11""",90 lbs.,59,90.0,18.18,Underweight
17,https://height-weight-chart.com/500-090.html,500-090_Amy_L1.jpg," 5' 0"" 100 lbs.","5' 0""",100 lbs.,60,100.0,19.53,Normal
18,https://height-weight-chart.com/500-100.html,500-100_Briana_L1.jpg," 5' 0"" 110 lbs.","5' 0""",110 lbs.,60,110.0,21.48,Normal
19,https://height-weight-chart.com/500-110.html,500-110_Amanda_L1.jpg," 5' 0"" 120 lbs.","5' 0""",120 lbs.,60,120.0,23.43,Normal
20,https://height-weight-chart.com/500-120.html,500-120_Emily_L1.jpg," 5' 0"" 130 lbs.","5' 0""",130 lbs.,60,130.0,25.39,Overweight
21,https://height-weight-chart.com/500-130.html,500-130_Alina_L1.jpg," 5' 0"" 140 lbs.","5' 0""",140 lbs.,60,140.0,27.34,Overweight
22,https://height-weight-chart.com/500-140.html,500-140_Alina_L1.jpg," 5' 0"" 150 lbs.","5' 0""",150 lbs.,60,150.0,29.29,Overweight
23,https://height-weight-chart.com/500-150.html,500-150_debra_L1.jpg," 5' 0"" 160 lbs.","5' 0""",160 lbs.,60,160.0,31.24,Obesity
24,https://height-weight-chart.com/500-160.html,500-160_Alina_L1.jpg," 5' 0"" 170 lbs.","5' 0""",170 lbs.,60,170.0,33.2,Obesity
25,https://height-weight-chart.com/500-170.html,500-170_Maree_L1.jpg," 5' 0"" 180 lbs.","5' 0""",180 lbs.,60,180.0,35.15,Obesity
26,https://height-weight-chart.com/500-180.html,500-180_Charlie_L1.jpg," 5' 0"" 210 lbs.","5' 0""",210 lbs.,60,210.0,41.01,Obesity
27,https://height-weight-chart.com/500-210.html,500-210_Dora_L1.jpg," 5' 0"" 220 lbs.","5' 0""",220 lbs.,60,220.0,42.96,Obesity
28,https://height-weight-chart.com/500-220.html,500-220_Natalie_L1.jpg," 5' 0"" 230 lbs.","5' 0""",230 lbs.,60,230.0,44.91,Obesity
29,https://height-weight-chart.com/500-230.html,500-240_Ruth_L1.jpg," 5' 0"" 240 lbs.","5' 0""",240 lbs.,60,240.0,46.87,Obesity
30,https://height-weight-chart.com/500-240.html,500-240_sarah_L1.jpg," 5' 0"" 90 lbs.","5' 0""",90 lbs.,60,90.0,17.57,Underweight
31,https://height-weight-chart.com/501-090.html,501-104_evelyn_L1.jpg," 5' 1"" 100 lbs.","5' 1""",100 lbs.,61,100.0,18.89,Normal
32,https://height-weight-chart.com/501-100.html,501-110_Jessica_L1.jpg," 5' 1"" 110 lbs.","5' 1""",110 lbs.,61,110.0,20.78,Normal
33,https://height-weight-chart.com/501-110.html,501-120_Koyasha_L1.jpg," 5' 1"" 120 lbs.","5' 1""",120 lbs.,61,120.0,22.67,Normal
34,https://height-weight-chart.com/501-120.html,501-130_Premee_L1.jpg," 5' 1"" 130 lbs.","5' 1""",130 lbs.,61,130.0,24.56,Normal
35,https://height-weight-chart.com/501-130.html,501-140_Alysha_L1.jpg," 5' 1"" 140 lbs.","5' 1""",140 lbs.,61,140.0,26.45,Overweight
36,https://height-weight-chart.com/501-140.html,501-150_Christina_L1.jpg," 5' 1"" 150 lbs.","5' 1""",150 lbs.,61,150.0,28.34,Overweight
37,https://height-weight-chart.com/501-150.html,501-160_Melissa_L1.jpg," 5' 1"" 160 lbs.","5' 1""",160 lbs.,61,160.0,30.23,Obesity
38,https://height-weight-chart.com/501-160.html,501-170_Vonnie_L1.jpg," 5' 1"" 170 lbs.","5' 1""",170 lbs.,61,170.0,32.12,Obesity
39,https://height-weight-chart.com/501-170.html,501-180_Jennifer_L1.jpg," 5' 1"" 180 lbs.","5' 1""",180 lbs.,61,180.0,34.01,Obesity
40,https://height-weight-chart.com/501-180.html,501-190_sheila_L1.jpg," 5' 1"" 190 lbs.","5' 1""",190 lbs.,61,190.0,35.9,Obesity
41,https://height-weight-chart.com/501-190.html,501-210_Kim_L1.jpg," 5' 1"" 210 lbs.","5' 1""",210 lbs.,61,210.0,39.67,Obesity
42,https://height-weight-chart.com/501-210.html,501-220_Jessica_L1.jpg," 5' 1"" 220 lbs.","5' 1""",220 lbs.,61,220.0,41.56,Obesity
43,https://height-weight-chart.com/501-220.html,501-230_Laurie_L1.jpg," 5' 1"" 230 lbs.","5' 1""",230 lbs.,61,230.0,43.45,Obesity
44,https://height-weight-chart.com/501-230.html,501-90_Mariel_L1.jpg," 5' 1"" 90 lbs.","5' 1""",90 lbs.,61,90.0,17.0,Underweight
45,https://height-weight-chart.com/502-090.html,502-100_Elise_L1.jpg," 5' 10"" 110 lbs.","5' 10""",110 lbs.,70,110.0,15.78,Underweight
46,https://height-weight-chart.com/502-100.html,502-110_Anna_L1.jpg," 5' 10"" 120 lbs.","5' 10""",120 lbs.,70,120.0,17.22,Underweight
47,https://height-weight-chart.com/502-110.html,502-120_Heather_L1.jpg," 5' 10"" 130 lbs.","5' 10""",130 lbs.,70,130.0,18.65,Normal
48,https://height-weight-chart.com/502-120.html,502-130_elisabeth_L1.jpg," 5' 10"" 140 lbs.","5' 10""",140 lbs.,70,140.0,20.09,Normal
49,https://height-weight-chart.com/502-130.html,502-140_Jessica_L1.jpg," 5' 10"" 150 lbs.","5' 10""",150 lbs.,70,150.0,21.52,Normal
50,https://height-weight-chart.com/502-140.html,502-150_Indiana_L1.jpg," 5' 10"" 160 lbs.","5' 10""",160 lbs.,70,160.0,22.96,Normal
51,https://height-weight-chart.com/502-150.html,502-160_Kirin_L1.jpg," 5' 10"" 170 lbs.","5' 10""",170 lbs.,70,170.0,24.39,Normal
52,https://height-weight-chart.com/502-160.html,502-170_Dak_L1.jpg," 5' 10"" 180 lbs.","5' 10""",180 lbs.,70,180.0,25.82,Overweight
53,https://height-weight-chart.com/502-170.html,502-180_Eryn_L1.jpg," 5' 10"" 190 lbs.","5' 10""",190 lbs.,70,190.0,27.26,Overweight
54,https://height-weight-chart.com/502-180.html,502-180_agnes_L1.jpg," 5' 10"" 200 lbs.","5' 10""",200 lbs.,70,200.0,28.69,Overweight
55,https://height-weight-chart.com/502-190.html,502-190_Kate_L1.jpg," 5' 10"" 210 lbs.","5' 10""",210 lbs.,70,210.0,30.13,Obesity
56,https://height-weight-chart.com/502-200.html,502-200_Kelly_L1.jpg," 5' 10"" 220 lbs.","5' 10""",220 lbs.,70,220.0,31.56,Obesity
57,https://height-weight-chart.com/502-210.html,502-210_Bleu_L1.jpg," 5' 10"" 230 lbs.","5' 10""",230 lbs.,70,230.0,33.0,Obesity
58,https://height-weight-chart.com/502-220.html,502-220_Noel_L1.jpg," 5' 10"" 240 lbs.","5' 10""",240 lbs.,70,240.0,34.43,Obesity
59,https://height-weight-chart.com/502-230.html,502-230_Penny_L1.jpg," 5' 10"" 250 lbs.","5' 10""",250 lbs.,70,250.0,35.87,Obesity
60,https://height-weight-chart.com/502-250.html,502-250_Jean_L1.jpg," 5' 10"" 260 lbs.","5' 10""",260 lbs.,70,260.0,37.3,Obesity
61,https://height-weight-chart.com/502-290.html,502-290_Jamie_L1.jpg," 5' 10"" 270 lbs.","5' 10""",270 lbs.,70,270.0,38.74,Obesity
62,https://height-weight-chart.com/502-330.html,502-330_Zena_L1.jpg," 5' 10"" 290 lbs.","5' 10""",290 lbs.,70,290.0,41.61,Obesity
63,https://height-weight-chart.com/503-090.html,502-90_Lindsey_L1.jpg," 5' 11"" 110 lbs.","5' 11""",110 lbs.,71,110.0,15.34,Underweight
64,https://height-weight-chart.com/503-100.html,503-090_Caitlin_L1.jpg," 5' 11"" 120 lbs.","5' 11""",120 lbs.,71,120.0,16.73,Underweight
65,https://height-weight-chart.com/503-110.html,503-100_Emily_L1.jpg," 5' 11"" 130 lbs.","5' 11""",130 lbs.,71,130.0,18.13,Underweight
66,https://height-weight-chart.com/503-120.html,503-110_laci_L1.jpg," 5' 11"" 140 lbs.","5' 11""",140 lbs.,71,140.0,19.52,Normal
67,https://height-weight-chart.com/503-130.html,503-120_Trillian_L1.jpg," 5' 11"" 150 lbs.","5' 11""",150 lbs.,71,150.0,20.92,Normal
68,https://height-weight-chart.com/503-140.html,503-130_Katie_L1.jpg," 5' 11"" 160 lbs.","5' 11""",160 lbs.,71,160.0,22.31,Normal
69,https://height-weight-chart.com/503-150.html,503-140_Thomas_L1.jpg," 5' 11"" 170 lbs.","5' 11""",170 lbs.,71,170.0,23.71,Normal
70,https://height-weight-chart.com/503-160.html,503-150_melissa_L1.jpg," 5' 11"" 180 lbs.","5' 11""",180 lbs.,71,180.0,25.1,Overweight
71,https://height-weight-chart.com/503-170.html,503-160_cheryl_L1.jpg," 5' 11"" 190 lbs.","5' 11""",190 lbs.,71,190.0,26.5,Overweight
72,https://height-weight-chart.com/503-180.html,503-170_Holly_L1.jpg," 5' 11"" 200 lbs.","5' 11""",200 lbs.,71,200.0,27.89,Overweight
73,https://height-weight-chart.com/503-190.html,503-190_Miriam_L1.jpg," 5' 11"" 210 lbs.","5' 11""",210 lbs.,71,210.0,29.29,Overweight
74,https://height-weight-chart.com/503-200.html,503-200_Ashley_L1.jpg," 5' 11"" 220 lbs.","5' 11""",220 lbs.,71,220.0,30.68,Obesity
75,https://height-weight-chart.com/503-210.html,503-210_Brandiy_L1.jpg," 5' 11"" 230 lbs.","5' 11""",230 lbs.,71,230.0,32.07,Obesity
76,https://height-weight-chart.com/503-220.html,503-220_Tricia_L1.jpg," 5' 11"" 240 lbs.","5' 11""",240 lbs.,71,240.0,33.47,Obesity
77,https://height-weight-chart.com/503-230.html,503-230_Eavonka_L1.jpg," 5' 11"" 250 lbs.","5' 11""",250 lbs.,71,250.0,34.86,Obesity
78,https://height-weight-chart.com/503-240.html,503-240_Jennifer_L1.jpg," 5' 11"" 260 lbs.","5' 11""",260 lbs.,71,260.0,36.26,Obesity
79,https://height-weight-chart.com/503-250.html,503-250_Lyons_L1.jpg," 5' 11"" 270 lbs.","5' 11""",270 lbs.,71,270.0,37.65,Obesity
80,https://height-weight-chart.com/503-270.html,503-270_Natasha_L1.jpg," 5' 11"" 280 lbs.","5' 11""",280 lbs.,71,280.0,39.05,Obesity
81,https://height-weight-chart.com/503-300.html,503-300_Jean_L1.jpg," 5' 11"" 290 lbs.","5' 11""",290 lbs.,71,290.0,40.44,Obesity
82,https://height-weight-chart.com/503-370.html,503-370_Lynn_L1.jpg," 5' 11"" 300 lbs.","5' 11""",300 lbs.,71,300.0,41.84,Obesity
83,https://height-weight-chart.com/504-090.html,504-090_Gloria_L1.jpg," 5' 11"" 310 lbs.","5' 11""",310 lbs.,71,310.0,43.23,Obesity
84,https://height-weight-chart.com/504-100.html,504-100_Marissa_L1.jpg," 5' 11"" 360 lbs.","5' 11""",360 lbs.,71,360.0,50.2,Obesity
85,https://height-weight-chart.com/504-110.html,504-110_Niccy_L1.jpg," 5' 11"" 370 lbs.","5' 11""",370 lbs.,71,370.0,51.6,Obesity
86,https://height-weight-chart.com/504-120.html,504-120_Mindy_L1.jpg," 5' 2"" 100 lbs.","5' 2""",100 lbs.,62,100.0,18.29,Underweight
87,https://height-weight-chart.com/504-130.html,504-130_Aimee_L1.jpg," 5' 2"" 110 lbs.","5' 2""",110 lbs.,62,110.0,20.12,Normal
88,https://height-weight-chart.com/504-140.html,504-135_Peggy_L1.jpg," 5' 2"" 120 lbs.","5' 2""",120 lbs.,62,120.0,21.95,Normal
89,https://height-weight-chart.com/504-150.html,504-150_Bethan_L1.jpg," 5' 2"" 130 lbs.","5' 2""",130 lbs.,62,130.0,23.77,Normal
90,https://height-weight-chart.com/504-160.html,504-160_Emily_L1.jpg," 5' 2"" 140 lbs.","5' 2""",140 lbs.,62,140.0,25.6,Overweight
91,https://height-weight-chart.com/504-170.html,504-170_Erica_L1.jpg," 5' 2"" 150 lbs.","5' 2""",150 lbs.,62,150.0,27.43,Overweight
92,https://height-weight-chart.com/504-180.html,504-180_Nela_L1.jpg," 5' 2"" 160 lbs.","5' 2""",160 lbs.,62,160.0,29.26,Overweight
93,https://height-weight-chart.com/504-190.html,504-185_rachel_L1.jpg," 5' 2"" 170 lbs.","5' 2""",170 lbs.,62,170.0,31.09,Obesity
94,https://height-weight-chart.com/504-200.html,504-200_Diedre_L1.jpg," 5' 2"" 180 lbs.","5' 2""",180 lbs.,62,180.0,32.92,Obesity
95,https://height-weight-chart.com/504-210.html,504-210_Erin_L1.jpg," 5' 2"" 190 lbs.","5' 2""",190 lbs.,62,190.0,34.75,Obesity
96,https://height-weight-chart.com/504-230.html,504-230_Mary_L1.jpg," 5' 2"" 200 lbs.","5' 2""",200 lbs.,62,200.0,36.58,Obesity
97,https://height-weight-chart.com/504-240.html,504-240_Deneen_L2.jpg," 5' 2"" 210 lbs.","5' 2""",210 lbs.,62,210.0,38.41,Obesity
98,https://height-weight-chart.com/504-250.html,504-250_Beth_L1.jpg," 5' 2"" 220 lbs.","5' 2""",220 lbs.,62,220.0,40.23,Obesity
99,https://height-weight-chart.com/504-260.html,504-260_Michelle_L1.jpg," 5' 2"" 230 lbs.","5' 2""",230 lbs.,62,230.0,42.06,Obesity
100,https://height-weight-chart.com/504-320.html,504-320_Beth_L1.jpg," 5' 2"" 250 lbs.","5' 2""",250 lbs.,62,250.0,45.72,Obesity
101,https://height-weight-chart.com/505-090.html,505-090_samantha_L1.jpg," 5' 2"" 290 lbs.","5' 2""",290 lbs.,62,290.0,53.04,Obesity
102,https://height-weight-chart.com/505-100.html,505-100_Kati_L1.jpg," 5' 2"" 330 lbs.","5' 2""",330 lbs.,62,330.0,60.35,Obesity
103,https://height-weight-chart.com/505-110.html,505-110_Marnie_L1.jpg," 5' 2"" 90 lbs.","5' 2""",90 lbs.,62,90.0,16.46,Underweight
104,https://height-weight-chart.com/505-120.html,505-120_Christina_L1.jpg," 5' 3"" 100 lbs.","5' 3""",100 lbs.,63,100.0,17.71,Underweight
105,https://height-weight-chart.com/505-130.html,505-130_Susan_l.jpg," 5' 3"" 110 lbs.","5' 3""",110 lbs.,63,110.0,19.48,Normal
106,https://height-weight-chart.com/505-140.html,505-140_Julie_L1.jpg," 5' 3"" 120 lbs.","5' 3""",120 lbs.,63,120.0,21.25,Normal
107,https://height-weight-chart.com/505-150.html,505-150_mrssejn_L1.jpg," 5' 3"" 130 lbs.","5' 3""",130 lbs.,63,130.0,23.03,Normal
108,https://height-weight-chart.com/505-160.html,505-160_Andrew_L1.jpg," 5' 3"" 140 lbs.","5' 3""",140 lbs.,63,140.0,24.8,Normal
109,https://height-weight-chart.com/505-170.html,505-170_Lisa_L.jpg," 5' 3"" 150 lbs.","5' 3""",150 lbs.,63,150.0,26.57,Overweight
110,https://height-weight-chart.com/505-180.html,505-180_Melissa_L1.jpg," 5' 3"" 160 lbs.","5' 3""",160 lbs.,63,160.0,28.34,Overweight
111,https://height-weight-chart.com/505-190.html,505-190_JenRocks_L1.jpg," 5' 3"" 170 lbs.","5' 3""",170 lbs.,63,170.0,30.11,Obesity
112,https://height-weight-chart.com/505-200.html,505-200_Emanuelle_L1.jpg," 5' 3"" 180 lbs.","5' 3""",180 lbs.,63,180.0,31.88,Obesity
113,https://height-weight-chart.com/505-210.html,505-210_Tania_L1.jpg," 5' 3"" 190 lbs.","5' 3""",190 lbs.,63,190.0,33.65,Obesity
114,https://height-weight-chart.com/505-220.html,505-220_Ciara_L1.jpg," 5' 3"" 200 lbs.","5' 3""",200 lbs.,63,200.0,35.42,Obesity
115,https://height-weight-chart.com/505-230.html,505-230_melanie_L1.jpg," 5' 3"" 210 lbs.","5' 3""",210 lbs.,63,210.0,37.2,Obesity
116,https://height-weight-chart.com/505-240.html,505-240_Stef_L1.jpg," 5' 3"" 220 lbs.","5' 3""",220 lbs.,63,220.0,38.97,Obesity
117,https://height-weight-chart.com/505-250.html,505-250_Angela_L1.jpg," 5' 3"" 230 lbs.","5' 3""",230 lbs.,63,230.0,40.74,Obesity
118,https://height-weight-chart.com/505-260.html,505-260_sue_L1.jpg," 5' 3"" 240 lbs.","5' 3""",240 lbs.,63,240.0,42.51,Obesity
119,https://height-weight-chart.com/505-270.html,505-270_Veronique_L1.jpg," 5' 3"" 250 lbs.","5' 3""",250 lbs.,63,250.0,44.28,Obesity
120,https://height-weight-chart.com/505-300.html,505-300_Catherine_L1.jpg," 5' 3"" 270 lbs.","5' 3""",270 lbs.,63,270.0,47.82,Obesity
121,https://height-weight-chart.com/506-090.html,506-090_eve_L1.jpg," 5' 3"" 300 lbs.","5' 3""",300 lbs.,63,300.0,53.14,Obesity
122,https://height-weight-chart.com/506-100.html,506-100_Jill_L1.jpg," 5' 3"" 370 lbs.","5' 3""",370 lbs.,63,370.0,65.54,Obesity
123,https://height-weight-chart.com/506-110.html,506-110_Margaret_L1.jpg," 5' 3"" 90 lbs.","5' 3""",90 lbs.,63,90.0,15.94,Underweight
124,https://height-weight-chart.com/506-120.html,506-120_CLB_L1.jpg," 5' 4"" 100 lbs.","5' 4""",100 lbs.,64,100.0,17.16,Underweight
125,https://height-weight-chart.com/506-130.html,506-130_Furry_L1.jpg," 5' 4"" 110 lbs.","5' 4""",110 lbs.,64,110.0,18.88,Normal
126,https://height-weight-chart.com/506-140.html,506-140_Tara_L1.jpg," 5' 4"" 120 lbs.","5' 4""",120 lbs.,64,120.0,20.6,Normal
127,https://height-weight-chart.com/506-150.html,506-150_Anthony_L1.jpg," 5' 4"" 130 lbs.","5' 4""",130 lbs.,64,130.0,22.31,Normal
128,https://height-weight-chart.com/506-160.html,506-160_Caralyn_L1.jpg," 5' 4"" 140 lbs.","5' 4""",140 lbs.,64,140.0,24.03,Normal
129,https://height-weight-chart.com/506-170.html,506-170_Sean_L1.jpg," 5' 4"" 150 lbs.","5' 4""",150 lbs.,64,150.0,25.74,Overweight
130,https://height-weight-chart.com/506-180.html,506-180_Leah_L2.jpg," 5' 4"" 160 lbs.","5' 4""",160 lbs.,64,160.0,27.46,Overweight
131,https://height-weight-chart.com/506-190.html,506-190_Mike_L1.jpg," 5' 4"" 170 lbs.","5' 4""",170 lbs.,64,170.0,29.18,Overweight
132,https://height-weight-chart.com/506-200.html,506-200_kate_L1.jpg," 5' 4"" 180 lbs.","5' 4""",180 lbs.,64,180.0,30.89,Obesity
133,https://height-weight-chart.com/506-210.html,506-215_Paul_L1.jpg," 5' 4"" 190 lbs.","5' 4""",190 lbs.,64,190.0,32.61,Obesity
134,https://height-weight-chart.com/506-220.html,506-220_Renee_L1.jpg," 5' 4"" 200 lbs.","5' 4""",200 lbs.,64,200.0,34.33,Obesity
135,https://height-weight-chart.com/506-230.html,506-230_Krista_L1.jpg," 5' 4"" 210 lbs.","5' 4""",210 lbs.,64,210.0,36.04,Obesity
136,https://height-weight-chart.com/506-240.html,506-240_Sarah_L1.jpg," 5' 4"" 230 lbs.","5' 4""",230 lbs.,64,230.0,39.48,Obesity
137,https://height-weight-chart.com/506-250.html,506-250_Maggie_L1.jpg," 5' 4"" 240 lbs.","5' 4""",240 lbs.,64,240.0,41.19,Obesity
138,https://height-weight-chart.com/506-260.html,506-260_Amanda_L1.jpg," 5' 4"" 250 lbs.","5' 4""",250 lbs.,64,250.0,42.91,Obesity
139,https://height-weight-chart.com/506-270.html,506-270_Nee_L1.jpg," 5' 4"" 260 lbs.","5' 4""",260 lbs.,64,260.0,44.62,Obesity
140,https://height-weight-chart.com/506-280.html,506-280_Kelly_L1.jpg," 5' 4"" 320 lbs.","5' 4""",320 lbs.,64,320.0,54.92,Obesity
141,https://height-weight-chart.com/506-300.html,506-300_keri_L1.jpg," 5' 4"" 90 lbs.","5' 4""",90 lbs.,64,90.0,15.45,Underweight
142,https://height-weight-chart.com/506-330.html,506-330_Jacynta_L1.jpg," 5' 5"" 100 lbs.","5' 5""",100 lbs.,65,100.0,16.64,Underweight
143,https://height-weight-chart.com/507-090.html,507-090_Dragonfly_L1.jpg," 5' 5"" 110 lbs.","5' 5""",110 lbs.,65,110.0,18.3,Underweight
144,https://height-weight-chart.com/507-100.html,507-100_Morgan_L1.jpg," 5' 5"" 120 lbs.","5' 5""",120 lbs.,65,120.0,19.97,Normal
145,https://height-weight-chart.com/507-110.html,507-110_Lisa_L1.jpg," 5' 5"" 130 lbs.","5' 5""",130 lbs.,65,130.0,21.63,Normal
146,https://height-weight-chart.com/507-120.html,507-120_Tracey_L1.jpg," 5' 5"" 140 lbs.","5' 5""",140 lbs.,65,140.0,23.29,Normal
147,https://height-weight-chart.com/507-130.html,507-140_Kristen_L1.jpg," 5' 5"" 150 lbs.","5' 5""",150 lbs.,65,150.0,24.96,Normal
148,https://height-weight-chart.com/507-140.html,507-150_Kandis_L1.jpg," 5' 5"" 160 lbs.","5' 5""",160 lbs.,65,160.0,26.62,Overweight
149,https://height-weight-chart.com/507-150.html,507-160_Chris_L2.jpg," 5' 5"" 170 lbs.","5' 5""",170 lbs.,65,170.0,28.29,Overweight
150,https://height-weight-chart.com/507-160.html,507-170_Jackie_L1.jpg," 5' 5"" 180 lbs.","5' 5""",180 lbs.,65,180.0,29.95,Overweight
151,https://height-weight-chart.com/507-170.html,507-170_Scott_L1.jpg," 5' 5"" 190 lbs.","5' 5""",190 lbs.,65,190.0,31.61,Obesity
152,https://height-weight-chart.com/507-180.html,507-180_Caralyn_L1.jpg," 5' 5"" 200 lbs.","5' 5""",200 lbs.,65,200.0,33.28,Obesity
153,https://height-weight-chart.com/507-190.html,507-190_Eddie_L1.jpg," 5' 5"" 210 lbs.","5' 5""",210 lbs.,65,210.0,34.94,Obesity
154,https://height-weight-chart.com/507-200.html,507-200_Lisa_L1.jpg," 5' 5"" 220 lbs.","5' 5""",220 lbs.,65,220.0,36.61,Obesity
155,https://height-weight-chart.com/507-210.html,507-210_Sarah_L1.jpg," 5' 5"" 230 lbs.","5' 5""",230 lbs.,65,230.0,38.27,Obesity
156,https://height-weight-chart.com/507-220.html,507-220_Jillo_L1.jpg," 5' 5"" 240 lbs.","5' 5""",240 lbs.,65,240.0,39.93,Obesity
157,https://height-weight-chart.com/507-230.html,507-230_KarenP_L1.jpg," 5' 5"" 250 lbs.","5' 5""",250 lbs.,65,250.0,41.6,Obesity
158,https://height-weight-chart.com/507-240.html,507-240_Zhenya_L1.jpg," 5' 5"" 260 lbs.","5' 5""",260 lbs.,65,260.0,43.26,Obesity
159,https://height-weight-chart.com/507-250.html,507-250_Jennifer_L1.jpg," 5' 5"" 270 lbs.","5' 5""",270 lbs.,65,270.0,44.93,Obesity
160,https://height-weight-chart.com/507-260.html,507-260_Beth_L1.jpg," 5' 5"" 300 lbs.","5' 5""",300 lbs.,65,300.0,49.92,Obesity
161,https://height-weight-chart.com/507-270.html,507-270_Barb_L1.jpg," 5' 5"" 90 lbs.","5' 5""",90 lbs.,65,90.0,14.98,Underweight
162,https://height-weight-chart.com/507-280.html,507-280_Dasha_L1.jpg," 5' 6"" 100 lbs.","5' 6""",100 lbs.,66,100.0,16.14,Underweight
163,https://height-weight-chart.com/507-310.html,507-310_Jacinta_L1.jpg," 5' 6"" 110 lbs.","5' 6""",110 lbs.,66,110.0,17.75,Underweight
164,https://height-weight-chart.com/507-320.html,507-320_Brandy_L1.jpg," 5' 6"" 120 lbs.","5' 6""",120 lbs.,66,120.0,19.37,Normal
165,https://height-weight-chart.com/507-370.html,507-370_Traci_L1.jpg," 5' 6"" 130 lbs.","5' 6""",130 lbs.,66,130.0,20.98,Normal
166,https://height-weight-chart.com/507-380.html,507-380_Lisa_L1.jpg," 5' 6"" 140 lbs.","5' 6""",140 lbs.,66,140.0,22.59,Normal
167,https://height-weight-chart.com/508-100.html,508-100_Jennifer_L1.jpg," 5' 6"" 150 lbs.","5' 6""",150 lbs.,66,150.0,24.21,Normal
168,https://height-weight-chart.com/508-110.html,508-110_Lindsay_L1.jpg," 5' 6"" 160 lbs.","5' 6""",160 lbs.,66,160.0,25.82,Overweight
169,https://height-weight-chart.com/508-120.html,508-120_Tanya_L1.jpg," 5' 6"" 170 lbs.","5' 6""",170 lbs.,66,170.0,27.44,Overweight
170,https://height-weight-chart.com/508-130.html,508-130_Nancy_L1.jpg," 5' 6"" 180 lbs.","5' 6""",180 lbs.,66,180.0,29.05,Overweight
171,https://height-weight-chart.com/508-140.html,508-140_Spring_L1.jpg," 5' 6"" 190 lbs.","5' 6""",190 lbs.,66,190.0,30.66,Obesity
172,https://height-weight-chart.com/508-150.html,508-150_Stacy_L1.jpg," 5' 6"" 200 lbs.","5' 6""",200 lbs.,66,200.0,32.28,Obesity
173,https://height-weight-chart.com/508-160.html,508-160_Jimmy_L1.jpg," 5' 6"" 210 lbs.","5' 6""",210 lbs.,66,210.0,33.89,Obesity
174,https://height-weight-chart.com/508-170.html,508-170_Natalie_L1.jpg," 5' 6"" 220 lbs.","5' 6""",220 lbs.,66,220.0,35.51,Obesity
175,https://height-weight-chart.com/508-180.html,508-180_Dave_L1.jpg," 5' 6"" 230 lbs.","5' 6""",230 lbs.,66,230.0,37.12,Obesity
176,https://height-weight-chart.com/508-190.html,508-190_Sam_L1.jpg," 5' 6"" 240 lbs.","5' 6""",240 lbs.,66,240.0,38.73,Obesity
177,https://height-weight-chart.com/508-200.html,508-200_Julie_L1.jpg," 5' 6"" 250 lbs.","5' 6""",250 lbs.,66,250.0,40.35,Obesity
178,https://height-weight-chart.com/508-210.html,508-210_Carla_L1.jpg," 5' 6"" 260 lbs.","5' 6""",260 lbs.,66,260.0,41.96,Obesity
179,https://height-weight-chart.com/508-220.html,508-220_Mark_L1.jpg," 5' 6"" 270 lbs.","5' 6""",270 lbs.,66,270.0,43.57,Obesity
180,https://height-weight-chart.com/508-230.html,508-230_Christina_L1.jpg," 5' 6"" 280 lbs.","5' 6""",280 lbs.,66,280.0,45.19,Obesity
181,https://height-weight-chart.com/508-240.html,508-240_Alexandra_L1.jpg," 5' 6"" 300 lbs.","5' 6""",300 lbs.,66,300.0,48.42,Obesity
182,https://height-weight-chart.com/508-250.html,508-250_Amarachi_L1.jpg," 5' 6"" 330 lbs.","5' 6""",330 lbs.,66,330.0,53.26,Obesity
183,https://height-weight-chart.com/508-260.html,508-260_raine_L1.jpg," 5' 6"" 90 lbs.","5' 6""",90 lbs.,66,90.0,14.52,Underweight
184,https://height-weight-chart.com/508-270.html,508-270_AJ_L1.jpg," 5' 7"" 100 lbs.","5' 7""",100 lbs.,67,100.0,15.66,Underweight
185,https://height-weight-chart.com/508-280.html,508-280_Elayne_L1.jpg," 5' 7"" 110 lbs.","5' 7""",110 lbs.,67,110.0,17.23,Underweight
186,https://height-weight-chart.com/508-290.html,508-290_Sabrina_L1.jpg," 5' 7"" 120 lbs.","5' 7""",120 lbs.,67,120.0,18.79,Normal
187,https://height-weight-chart.com/508-300.html,508-300_Aimee_L1.jpg," 5' 7"" 130 lbs.","5' 7""",130 lbs.,67,130.0,20.36,Normal
188,https://height-weight-chart.com/508-330.html,508-330_Sabrina_L1.jpg," 5' 7"" 140 lbs.","5' 7""",140 lbs.,67,140.0,21.92,Normal
189,https://height-weight-chart.com/508-350.html,508-350_Matt_L1.jpg," 5' 7"" 150 lbs.","5' 7""",150 lbs.,67,150.0,23.49,Normal
190,https://height-weight-chart.com/508-390.html,508-390_Mariellen_L1.jpg," 5' 7"" 160 lbs.","5' 7""",160 lbs.,67,160.0,25.06,Overweight
191,https://height-weight-chart.com/509-100.html,509-100_Danielle_L1.jpg," 5' 7"" 170 lbs.","5' 7""",170 lbs.,67,170.0,26.62,Overweight
192,https://height-weight-chart.com/509-110.html,509-110_Helman_L1.jpg," 5' 7"" 180 lbs.","5' 7""",180 lbs.,67,180.0,28.19,Overweight
193,https://height-weight-chart.com/509-120.html,509-120_Lucas_L1.jpg," 5' 7"" 190 lbs.","5' 7""",190 lbs.,67,190.0,29.75,Overweight
194,https://height-weight-chart.com/509-130.html,509-130_Boris_L1.jpg," 5' 7"" 200 lbs.","5' 7""",200 lbs.,67,200.0,31.32,Obesity
195,https://height-weight-chart.com/509-140.html,509-140_Elise_L1.jpg," 5' 7"" 210 lbs.","5' 7""",210 lbs.,67,210.0,32.89,Obesity
196,https://height-weight-chart.com/509-150.html,509-150_Allan_L1.jpg," 5' 7"" 220 lbs.","5' 7""",220 lbs.,67,220.0,34.45,Obesity
197,https://height-weight-chart.com/509-160.html,509-160_Jeremiah_L1.jpg," 5' 7"" 230 lbs.","5' 7""",230 lbs.,67,230.0,36.02,Obesity
198,https://height-weight-chart.com/509-170.html,509-170_Liv_L1.jpg," 5' 7"" 240 lbs.","5' 7""",240 lbs.,67,240.0,37.59,Obesity
199,https://height-weight-chart.com/509-180.html,509-180_Brian_L1.jpg," 5' 7"" 250 lbs.","5' 7""",250 lbs.,67,250.0,39.15,Obesity
200,https://height-weight-chart.com/509-190.html,509-190_Connie_L1.jpg," 5' 7"" 260 lbs.","5' 7""",260 lbs.,67,260.0,40.72,Obesity
201,https://height-weight-chart.com/509-200.html,509-200_Ryan_L1.jpg," 5' 7"" 270 lbs.","5' 7""",270 lbs.,67,270.0,42.28,Obesity
202,https://height-weight-chart.com/509-210.html,509-210_Julie_L1.jpg," 5' 7"" 280 lbs.","5' 7""",280 lbs.,67,280.0,43.85,Obesity
203,https://height-weight-chart.com/509-220.html,509-220_Danielle_L1.jpg," 5' 7"" 310 lbs.","5' 7""",310 lbs.,67,310.0,48.55,Obesity
204,https://height-weight-chart.com/509-230.html,509-230_Michael_L1.jpg," 5' 7"" 320 lbs.","5' 7""",320 lbs.,67,320.0,50.11,Obesity
205,https://height-weight-chart.com/509-240.html,509-240_Riad_L1.jpg," 5' 7"" 370 lbs.","5' 7""",370 lbs.,67,370.0,57.94,Obesity
206,https://height-weight-chart.com/509-250.html,509-250_iva_l1.jpg," 5' 7"" 380 lbs.","5' 7""",380 lbs.,67,380.0,59.51,Obesity
207,https://height-weight-chart.com/509-260.html,509-260_Appoline_L1.jpg," 5' 7"" 90 lbs.","5' 7""",90 lbs.,67,90.0,14.09,Underweight
208,https://height-weight-chart.com/509-270.html,509-270_Danielle_L1.jpg," 5' 8"" 100 lbs.","5' 8""",100 lbs.,68,100.0,15.2,Underweight
209,https://height-weight-chart.com/509-300.html,509-300_Sonja_L1.jpg," 5' 8"" 110 lbs.","5' 8""",110 lbs.,68,110.0,16.72,Underweight
210,https://height-weight-chart.com/509-310.html,509-310_Angela_L1.jpg," 5' 8"" 120 lbs.","5' 8""",120 lbs.,68,120.0,18.24,Underweight
211,https://height-weight-chart.com/509-320.html,509-320_Ed_L1.jpg," 5' 8"" 130 lbs.","5' 8""",130 lbs.,68,130.0,19.76,Normal
212,https://height-weight-chart.com/510-110.html,510-110_lori_L1.jpg," 5' 8"" 140 lbs.","5' 8""",140 lbs.,68,140.0,21.28,Normal
213,https://height-weight-chart.com/510-120.html,510-120_Devin_L1.jpg," 5' 8"" 150 lbs.","5' 8""",150 lbs.,68,150.0,22.8,Normal
214,https://height-weight-chart.com/510-130.html,510-130_Les_L1.jpg," 5' 8"" 160 lbs.","5' 8""",160 lbs.,68,160.0,24.33,Normal
215,https://height-weight-chart.com/510-140.html,510-140_Michelle_L1.jpg," 5' 8"" 170 lbs.","5' 8""",170 lbs.,68,170.0,25.85,Overweight
216,https://height-weight-chart.com/510-150.html,510-150_Matthew_L1.jpg," 5' 8"" 180 lbs.","5' 8""",180 lbs.,68,180.0,27.37,Overweight
217,https://height-weight-chart.com/510-160.html,510-160_Jesse_L1.jpg," 5' 8"" 190 lbs.","5' 8""",190 lbs.,68,190.0,28.89,Overweight
218,https://height-weight-chart.com/510-170.html,510-170_Craig_L1.jpg," 5' 8"" 200 lbs.","5' 8""",200 lbs.,68,200.0,30.41,Obesity
219,https://height-weight-chart.com/510-180.html,510-180_Nick_L1.jpg," 5' 8"" 210 lbs.","5' 8""",210 lbs.,68,210.0,31.93,Obesity
220,https://height-weight-chart.com/510-190.html,510-190_Pete_L1.jpg," 5' 8"" 220 lbs.","5' 8""",220 lbs.,68,220.0,33.45,Obesity
221,https://height-weight-chart.com/510-200.html,510-200_Carol_L1.jpg," 5' 8"" 230 lbs.","5' 8""",230 lbs.,68,230.0,34.97,Obesity
222,https://height-weight-chart.com/510-210.html,510-210_jenifer_L1.jpg," 5' 8"" 240 lbs.","5' 8""",240 lbs.,68,240.0,36.49,Obesity
223,https://height-weight-chart.com/510-220.html,510-220_amy_L1.jpg," 5' 8"" 250 lbs.","5' 8""",250 lbs.,68,250.0,38.01,Obesity
224,https://height-weight-chart.com/510-230.html,510-230_Josh_L1.jpg," 5' 8"" 260 lbs.","5' 8""",260 lbs.,68,260.0,39.53,Obesity
225,https://height-weight-chart.com/510-240.html,510-240_Yolanda_L1.jpg," 5' 8"" 270 lbs.","5' 8""",270 lbs.,68,270.0,41.05,Obesity
226,https://height-weight-chart.com/510-250.html,510-250_Katie_L1.jpg," 5' 8"" 280 lbs.","5' 8""",280 lbs.,68,280.0,42.57,Obesity
227,https://height-weight-chart.com/510-270.html,510-270_Gaige_L1.jpg," 5' 8"" 290 lbs.","5' 8""",290 lbs.,68,290.0,44.09,Obesity
228,https://height-weight-chart.com/510-280.html,510-280_Jamie_L1.jpg," 5' 8"" 300 lbs.","5' 8""",300 lbs.,68,300.0,45.61,Obesity
229,https://height-weight-chart.com/510-300.html,510-300_Sabrina_L1.jpg," 5' 8"" 330 lbs.","5' 8""",330 lbs.,68,330.0,50.17,Obesity
230,https://height-weight-chart.com/511-110.html,511-110_Anna_L1.jpg," 5' 8"" 350 lbs.","5' 8""",350 lbs.,68,350.0,53.21,Obesity
231,https://height-weight-chart.com/511-120.html,511-120_Kurt_L1.jpg," 5' 8"" 390 lbs.","5' 8""",390 lbs.,68,390.0,59.29,Obesity
232,https://height-weight-chart.com/511-130.html,511-130_Nick_L1.jpg," 5' 9"" 100 lbs.","5' 9""",100 lbs.,69,100.0,14.77,Underweight
233,https://height-weight-chart.com/511-140.html,511-140_Jake_L1.jpg," 5' 9"" 110 lbs.","5' 9""",110 lbs.,69,110.0,16.24,Underweight
234,https://height-weight-chart.com/511-150.html,511-150_Garry_L1.jpg," 5' 9"" 120 lbs.","5' 9""",120 lbs.,69,120.0,17.72,Underweight
235,https://height-weight-chart.com/511-160.html,511-160_Stephen_L1.jpg," 5' 9"" 130 lbs.","5' 9""",130 lbs.,69,130.0,19.2,Normal
236,https://height-weight-chart.com/511-170.html,511-170_Stephen_L1.jpg," 5' 9"" 140 lbs.","5' 9""",140 lbs.,69,140.0,20.67,Normal
237,https://height-weight-chart.com/511-180.html,511-180_SteveW_L1.jpg," 5' 9"" 150 lbs.","5' 9""",150 lbs.,69,150.0,22.15,Normal
238,https://height-weight-chart.com/511-190.html,511-190_Cass_L1.jpg," 5' 9"" 160 lbs.","5' 9""",160 lbs.,69,160.0,23.63,Normal
239,https://height-weight-chart.com/511-200.html,511-200_Amber_L1.jpg," 5' 9"" 170 lbs.","5' 9""",170 lbs.,69,170.0,25.1,Overweight
240,https://height-weight-chart.com/511-210.html,511-210_Jake_L1.jpg," 5' 9"" 180 lbs.","5' 9""",180 lbs.,69,180.0,26.58,Overweight
241,https://height-weight-chart.com/511-220.html,511-220_Martin_L1.jpg," 5' 9"" 190 lbs.","5' 9""",190 lbs.,69,190.0,28.06,Overweight
242,https://height-weight-chart.com/511-230.html,511-230_Doug_L1.jpg," 5' 9"" 200 lbs.","5' 9""",200 lbs.,69,200.0,29.53,Overweight
243,https://height-weight-chart.com/511-240.html,511-240_Tim_L1.jpg," 5' 9"" 210 lbs.","5' 9""",210 lbs.,69,210.0,31.01,Obesity
244,https://height-weight-chart.com/511-250.html,511-250_Bill_L1.jpg," 5' 9"" 220 lbs.","5' 9""",220 lbs.,69,220.0,32.48,Obesity
245,https://height-weight-chart.com/511-260.html,511-260_Tany_L1.jpg," 5' 9"" 230 lbs.","5' 9""",230 lbs.,69,230.0,33.96,Obesity
246,https://height-weight-chart.com/511-270.html,511-270_Meghan_L1.jpg," 5' 9"" 240 lbs.","5' 9""",240 lbs.,69,240.0,35.44,Obesity
247,https://height-weight-chart.com/511-280.html,511-280_Jackie_L1.jpg," 5' 9"" 250 lbs.","5' 9""",250 lbs.,69,250.0,36.91,Obesity
248,https://height-weight-chart.com/511-290.html,511-290_Will_L1.jpg," 5' 9"" 260 lbs.","5' 9""",260 lbs.,69,260.0,38.39,Obesity
249,https://height-weight-chart.com/511-300.html,511-300_Keith_L1.jpg," 5' 9"" 270 lbs.","5' 9""",270 lbs.,69,270.0,39.87,Obesity
250,https://height-weight-chart.com/511-310.html,511-310_Thomas_L1.jpg," 5' 9"" 300 lbs.","5' 9""",300 lbs.,69,300.0,44.3,Obesity
251,https://height-weight-chart.com/511-360.html,511-360_Lara_L1.jpg," 5' 9"" 310 lbs.","5' 9""",310 lbs.,69,310.0,45.77,Obesity
252,https://height-weight-chart.com/511-370.html,511-370_Vennie_L1.jpg," 5' 9"" 320 lbs.","5' 9""",320 lbs.,69,320.0,47.25,Obesity
253,https://height-weight-chart.com/600-120.html,600-120_Eric_L1.jpg," 6' 0"" 120 lbs.","6' 0""",120 lbs.,72,120.0,16.27,Underweight
254,https://height-weight-chart.com/600-130.html,600-130_Ryan3_L2.jpg," 6' 0"" 130 lbs.","6' 0""",130 lbs.,72,130.0,17.63,Underweight
255,https://height-weight-chart.com/600-140.html,600-140_Oliver_L2.jpg," 6' 0"" 140 lbs.","6' 0""",140 lbs.,72,140.0,18.99,Normal
256,https://height-weight-chart.com/600-150.html,600-150_Gabor_L1.jpg," 6' 0"" 150 lbs.","6' 0""",150 lbs.,72,150.0,20.34,Normal
257,https://height-weight-chart.com/600-160.html,600-160_Jared_L1.jpg," 6' 0"" 160 lbs.","6' 0""",160 lbs.,72,160.0,21.7,Normal
258,https://height-weight-chart.com/600-170.html,600-170_Josh_L1.jpg," 6' 0"" 170 lbs.","6' 0""",170 lbs.,72,170.0,23.05,Normal
259,https://height-weight-chart.com/600-180.html,600-180_Mark_L1.jpg," 6' 0"" 180 lbs.","6' 0""",180 lbs.,72,180.0,24.41,Normal
260,https://height-weight-chart.com/600-190.html,600-190_brittany_L1.jpg," 6' 0"" 190 lbs.","6' 0""",190 lbs.,72,190.0,25.77,Overweight
261,https://height-weight-chart.com/600-200.html,600-200_Mike_L1.jpg," 6' 0"" 200 lbs.","6' 0""",200 lbs.,72,200.0,27.12,Overweight
262,https://height-weight-chart.com/600-210.html,600-210_Greg_L1.jpg," 6' 0"" 210 lbs.","6' 0""",210 lbs.,72,210.0,28.48,Overweight
263,https://height-weight-chart.com/600-220.html,600-220_Michael_L1.jpg," 6' 0"" 220 lbs.","6' 0""",220 lbs.,72,220.0,29.83,Overweight
264,https://height-weight-chart.com/600-230.html,600-230_Dylan_L1.jpg," 6' 0"" 230 lbs.","6' 0""",230 lbs.,72,230.0,31.19,Obesity
265,https://height-weight-chart.com/600-240.html,600-240_Andrew_L1.jpg," 6' 0"" 240 lbs.","6' 0""",240 lbs.,72,240.0,32.55,Obesity
266,https://height-weight-chart.com/600-250.html,600-250_Steve_L1.jpg," 6' 0"" 250 lbs.","6' 0""",250 lbs.,72,250.0,33.9,Obesity
267,https://height-weight-chart.com/600-260.html,600-260_Marvin_L1.jpg," 6' 0"" 260 lbs.","6' 0""",260 lbs.,72,260.0,35.26,Obesity
268,https://height-weight-chart.com/600-270.html,600-270_Michael_L1.jpg," 6' 0"" 270 lbs.","6' 0""",270 lbs.,72,270.0,36.61,Obesity
269,https://height-weight-chart.com/600-280.html,600-280_Zech_L1.jpg," 6' 0"" 280 lbs.","6' 0""",280 lbs.,72,280.0,37.97,Obesity
270,https://height-weight-chart.com/600-290.html,600-290_Drew_L1.jpg," 6' 0"" 290 lbs.","6' 0""",290 lbs.,72,290.0,39.33,Obesity
271,https://height-weight-chart.com/600-300.html,600-300_Leesa_L1.jpg," 6' 0"" 300 lbs.","6' 0""",300 lbs.,72,300.0,40.68,Obesity
272,https://height-weight-chart.com/600-310.html,600-310_Brian_L1.jpg," 6' 0"" 310 lbs.","6' 0""",310 lbs.,72,310.0,42.04,Obesity
273,https://height-weight-chart.com/600-320.html,600-320_Michael_L1.jpg," 6' 0"" 320 lbs.","6' 0""",320 lbs.,72,320.0,43.4,Obesity
274,https://height-weight-chart.com/600-330.html,600-330_David_L1.jpg," 6' 0"" 330 lbs.","6' 0""",330 lbs.,72,330.0,44.75,Obesity
275,https://height-weight-chart.com/600-340.html,600-340_Irfon_L1.jpg," 6' 0"" 340 lbs.","6' 0""",340 lbs.,72,340.0,46.11,Obesity
276,https://height-weight-chart.com/600-350.html,600-350_David_L1.jpg," 6' 0"" 350 lbs.","6' 0""",350 lbs.,72,350.0,47.46,Obesity
277,https://height-weight-chart.com/600-390.html,600-390_David_L1.jpg," 6' 0"" 380 lbs.","6' 0""",380 lbs.,72,380.0,51.53,Obesity
278,https://height-weight-chart.com/601-130.html,601-130_Rebecca_L1.jpg," 6' 1"" 130 lbs.","6' 1""",130 lbs.,73,130.0,17.15,Underweight
279,https://height-weight-chart.com/601-140.html,601-140_T_L1.jpg," 6' 1"" 140 lbs.","6' 1""",140 lbs.,73,140.0,18.47,Underweight
280,https://height-weight-chart.com/601-150.html,601-150_Justin_L1.jpg," 6' 1"" 150 lbs.","6' 1""",150 lbs.,73,150.0,19.79,Normal
281,https://height-weight-chart.com/601-160.html,601-160_Will_L1.jpg," 6' 1"" 160 lbs.","6' 1""",160 lbs.,73,160.0,21.11,Normal
282,https://height-weight-chart.com/601-170.html,601-170_Rob_L1.jpg," 6' 1"" 170 lbs.","6' 1""",170 lbs.,73,170.0,22.43,Normal
283,https://height-weight-chart.com/601-180.html,601-180_Clint_L1.jpg," 6' 1"" 180 lbs.","6' 1""",180 lbs.,73,180.0,23.75,Normal
284,https://height-weight-chart.com/601-190.html,601-190_Gilbert_L1.jpg," 6' 1"" 190 lbs.","6' 1""",190 lbs.,73,190.0,25.06,Overweight
285,https://height-weight-chart.com/601-200.html,601-200_MikeDevine_L1.jpg," 6' 1"" 200 lbs.","6' 1""",200 lbs.,73,200.0,26.38,Overweight
286,https://height-weight-chart.com/601-210.html,601-210_cecil_L1.jpg," 6' 1"" 210 lbs.","6' 1""",210 lbs.,73,210.0,27.7,Overweight
287,https://height-weight-chart.com/601-220.html,601-220_Chad_L1.jpg," 6' 1"" 220 lbs.","6' 1""",220 lbs.,73,220.0,29.02,Overweight
288,https://height-weight-chart.com/601-230.html,601-236_Arnie_L1.jpg," 6' 1"" 230 lbs.","6' 1""",230 lbs.,73,230.0,30.34,Obesity
289,https://height-weight-chart.com/601-240.html,601-240_Cauley_L1.jpg," 6' 1"" 240 lbs.","6' 1""",240 lbs.,73,240.0,31.66,Obesity
290,https://height-weight-chart.com/601-250.html,601-250_Luke_L1.jpg," 6' 1"" 250 lbs.","6' 1""",250 lbs.,73,250.0,32.98,Obesity
291,https://height-weight-chart.com/601-260.html,601-260_Eddie_L1.jpg," 6' 1"" 260 lbs.","6' 1""",260 lbs.,73,260.0,34.3,Obesity
292,https://height-weight-chart.com/601-270.html,601-270_Jaime_L1.jpg," 6' 1"" 270 lbs.","6' 1""",270 lbs.,73,270.0,35.62,Obesity
293,https://height-weight-chart.com/601-280.html,601-280_Neil_L1.jpg," 6' 1"" 280 lbs.","6' 1""",280 lbs.,73,280.0,36.94,Obesity
294,https://height-weight-chart.com/601-290.html,601-290_Jon_L1.jpg," 6' 1"" 290 lbs.","6' 1""",290 lbs.,73,290.0,38.26,Obesity
295,https://height-weight-chart.com/601-300.html,601-300_Dan_L1.jpg," 6' 1"" 300 lbs.","6' 1""",300 lbs.,73,300.0,39.58,Obesity
296,https://height-weight-chart.com/601-310.html,601-310_Jaime_L1.jpg," 6' 1"" 310 lbs.","6' 1""",310 lbs.,73,310.0,40.9,Obesity
297,https://height-weight-chart.com/601-320.html,601-320_chuck_L1.jpg," 6' 1"" 320 lbs.","6' 1""",320 lbs.,73,320.0,42.21,Obesity
298,https://height-weight-chart.com/601-380.html,601-380_Cassandra_L1.jpg," 6' 1"" 380 lbs.","6' 1""",380 lbs.,73,380.0,50.13,Obesity
299,https://height-weight-chart.com/602-130.html,602-130_Tim_L1.jpg," 6' 11"" 490 lbs.","6' 11""",490 lbs.,83,490.0,50.0,Obesity
300,https://height-weight-chart.com/602-140.html,602-140_Josh_L1.jpg," 6' 2"" 130 lbs.","6' 2""",130 lbs.,74,130.0,16.69,Underweight
301,https://height-weight-chart.com/602-150.html,602-150_Randy_L1.jpg," 6' 2"" 140 lbs.","6' 2""",140 lbs.,74,140.0,17.97,Underweight
302,https://height-weight-chart.com/602-160.html,602-160_Benjamin_L1.jpg," 6' 2"" 150 lbs.","6' 2""",150 lbs.,74,150.0,19.26,Normal
303,https://height-weight-chart.com/602-170.html,602-160_kieth_L1.jpg," 6' 2"" 160 lbs.","6' 2""",160 lbs.,74,160.0,20.54,Normal
304,https://height-weight-chart.com/602-180.html,602-180_Erik_L1.jpg," 6' 2"" 170 lbs.","6' 2""",170 lbs.,74,170.0,21.82,Normal
305,https://height-weight-chart.com/602-190.html,602-190_Aric_L1.jpg," 6' 2"" 180 lbs.","6' 2""",180 lbs.,74,180.0,23.11,Normal
306,https://height-weight-chart.com/602-200.html,602-200_Cory_L1.jpg," 6' 2"" 190 lbs.","6' 2""",190 lbs.,74,190.0,24.39,Normal
307,https://height-weight-chart.com/602-210.html,602-210_Ian_L1.jpg," 6' 2"" 200 lbs.","6' 2""",200 lbs.,74,200.0,25.68,Overweight
308,https://height-weight-chart.com/602-220.html,602-220_Dave_L1.jpg," 6' 2"" 210 lbs.","6' 2""",210 lbs.,74,210.0,26.96,Overweight
309,https://height-weight-chart.com/602-230.html,602-230_Rick_L1.jpg," 6' 2"" 220 lbs.","6' 2""",220 lbs.,74,220.0,28.24,Overweight
310,https://height-weight-chart.com/602-240.html,602-240_Nick_L1.jpg," 6' 2"" 230 lbs.","6' 2""",230 lbs.,74,230.0,29.53,Overweight
311,https://height-weight-chart.com/602-250.html,602-250_Jarold_L1.jpg," 6' 2"" 240 lbs.","6' 2""",240 lbs.,74,240.0,30.81,Obesity
312,https://height-weight-chart.com/602-270.html,602-270_Rich_L1.jpg," 6' 2"" 250 lbs.","6' 2""",250 lbs.,74,250.0,32.09,Obesity
313,https://height-weight-chart.com/602-290.html,602-290_DBarber_L1.jpg," 6' 2"" 270 lbs.","6' 2""",270 lbs.,74,270.0,34.66,Obesity
314,https://height-weight-chart.com/602-480.html,602-480_Pancholin_L1.jpg," 6' 2"" 290 lbs.","6' 2""",290 lbs.,74,290.0,37.23,Obesity
315,https://height-weight-chart.com/603-140.html,603-140_NickSO_L1.jpg," 6' 2"" 480 lbs.","6' 2""",480 lbs.,74,480.0,61.62,Obesity
316,https://height-weight-chart.com/603-150.html,603-150_Mdoucet_L1.jpg," 6' 3"" 140 lbs.","6' 3""",140 lbs.,75,140.0,17.5,Underweight
317,https://height-weight-chart.com/603-160.html,603-160_Ben_L1.jpg," 6' 3"" 150 lbs.","6' 3""",150 lbs.,75,150.0,18.75,Normal
318,https://height-weight-chart.com/603-170.html,603-170_SuperDave_L1.jpg," 6' 3"" 160 lbs.","6' 3""",160 lbs.,75,160.0,20.0,Normal
319,https://height-weight-chart.com/603-180.html,603-180_Russ_L1.jpg," 6' 3"" 170 lbs.","6' 3""",170 lbs.,75,170.0,21.25,Normal
320,https://height-weight-chart.com/603-190.html,603-190_Clinton_L1.jpg," 6' 3"" 180 lbs.","6' 3""",180 lbs.,75,180.0,22.5,Normal
321,https://height-weight-chart.com/603-200.html,603-200_Peter_L1.jpg," 6' 3"" 190 lbs.","6' 3""",190 lbs.,75,190.0,23.75,Normal
322,https://height-weight-chart.com/603-210.html,603-210_Maxwell_L1.jpg," 6' 3"" 200 lbs.","6' 3""",200 lbs.,75,200.0,25.0,Overweight
323,https://height-weight-chart.com/603-220.html,603-220_Ben_L1.jpg," 6' 3"" 210 lbs.","6' 3""",210 lbs.,75,210.0,26.25,Overweight
324,https://height-weight-chart.com/603-230.html,603-230_Jason_L1.jpg," 6' 3"" 220 lbs.","6' 3""",220 lbs.,75,220.0,27.5,Overweight
325,https://height-weight-chart.com/603-240.html,603-240_Nate_L1.jpg," 6' 3"" 230 lbs.","6' 3""",230 lbs.,75,230.0,28.74,Overweight
326,https://height-weight-chart.com/603-250.html,603-250_William_L1.jpg," 6' 3"" 240 lbs.","6' 3""",240 lbs.,75,240.0,29.99,Overweight
327,https://height-weight-chart.com/603-260.html,603-260_Stuart_L1.jpg," 6' 3"" 250 lbs.","6' 3""",250 lbs.,75,250.0,31.24,Obesity
328,https://height-weight-chart.com/603-310.html,603-310_Xavier_L1.jpg," 6' 3"" 260 lbs.","6' 3""",260 lbs.,75,260.0,32.49,Obesity
329,https://height-weight-chart.com/603-320.html,603-320_John_L1.jpg," 6' 3"" 310 lbs.","6' 3""",310 lbs.,75,310.0,38.74,Obesity
330,https://height-weight-chart.com/603-350.html,603-350_Matt_L1.jpg," 6' 3"" 320 lbs.","6' 3""",320 lbs.,75,320.0,39.99,Obesity
331,https://height-weight-chart.com/604-120.html,604-120_Thomas_L1.jpg," 6' 3"" 350 lbs.","6' 3""",350 lbs.,75,350.0,43.74,Obesity
332,https://height-weight-chart.com/604-140.html,604-140_WJM_L1.jpg," 6' 4"" 120 lbs.","6' 4""",120 lbs.,76,120.0,14.61,Underweight
333,https://height-weight-chart.com/604-150.html,604-155_karsten_L1.jpg," 6' 4"" 140 lbs.","6' 4""",140 lbs.,76,140.0,17.04,Underweight
334,https://height-weight-chart.com/604-160.html,604-160_meredith_L1.jpg," 6' 4"" 150 lbs.","6' 4""",150 lbs.,76,150.0,18.26,Underweight
335,https://height-weight-chart.com/604-170.html,604-170_Jason_L1.jpg," 6' 4"" 160 lbs.","6' 4""",160 lbs.,76,160.0,19.47,Normal
336,https://height-weight-chart.com/604-180.html,604-180_Matt_L1.jpg," 6' 4"" 170 lbs.","6' 4""",170 lbs.,76,170.0,20.69,Normal
337,https://height-weight-chart.com/604-190.html,604-190_Mike_L1.jpg," 6' 4"" 180 lbs.","6' 4""",180 lbs.,76,180.0,21.91,Normal
338,https://height-weight-chart.com/604-200.html,604-200_Jeff_L1.jpg," 6' 4"" 190 lbs.","6' 4""",190 lbs.,76,190.0,23.12,Normal
339,https://height-weight-chart.com/604-210.html,604-210_Michael_L1.jpg," 6' 4"" 200 lbs.","6' 4""",200 lbs.,76,200.0,24.34,Normal
340,https://height-weight-chart.com/604-220.html,604-220_Dan_L1.jpg," 6' 4"" 210 lbs.","6' 4""",210 lbs.,76,210.0,25.56,Overweight
341,https://height-weight-chart.com/604-230.html,604-230_Kevin_L1.jpg," 6' 4"" 220 lbs.","6' 4""",220 lbs.,76,220.0,26.78,Overweight
342,https://height-weight-chart.com/604-240.html,604-240_Jeffrey_L1.jpg," 6' 4"" 230 lbs.","6' 4""",230 lbs.,76,230.0,27.99,Overweight
343,https://height-weight-chart.com/604-250.html,604-250_Adam_L1.jpg," 6' 4"" 240 lbs.","6' 4""",240 lbs.,76,240.0,29.21,Overweight
344,https://height-weight-chart.com/604-260.html,604-260_Arjen_L1.jpg," 6' 4"" 250 lbs.","6' 4""",250 lbs.,76,250.0,30.43,Obesity
345,https://height-weight-chart.com/604-270.html,604-270_Eddie_L1.jpg," 6' 4"" 260 lbs.","6' 4""",260 lbs.,76,260.0,31.64,Obesity
346,https://height-weight-chart.com/604-280.html,604-280_Dan_L1.jpg," 6' 4"" 270 lbs.","6' 4""",270 lbs.,76,270.0,32.86,Obesity
347,https://height-weight-chart.com/604-290.html,604-290_Alex_L1.jpg," 6' 4"" 280 lbs.","6' 4""",280 lbs.,76,280.0,34.08,Obesity
348,https://height-weight-chart.com/604-320.html,604-320_Dan_L1.jpg," 6' 4"" 290 lbs.","6' 4""",290 lbs.,76,290.0,35.3,Obesity
349,https://height-weight-chart.com/604-520.html,604-520_Seven_L1.jpg," 6' 4"" 320 lbs.","6' 4""",320 lbs.,76,320.0,38.95,Obesity
350,https://height-weight-chart.com/605-140.html,605-140_Wolf_L1.jpg," 6' 4"" 520 lbs.","6' 4""",520 lbs.,76,520.0,63.29,Obesity
351,https://height-weight-chart.com/605-150.html,605-150_Sam_L1.jpg," 6' 5"" 140 lbs.","6' 5""",140 lbs.,77,140.0,16.6,Underweight
352,https://height-weight-chart.com/605-170.html,605-173_Brock_L1.jpg," 6' 5"" 150 lbs.","6' 5""",150 lbs.,77,150.0,17.79,Underweight
353,https://height-weight-chart.com/605-180.html,605-180_Hartley_L1.jpg," 6' 5"" 170 lbs.","6' 5""",170 lbs.,77,170.0,20.16,Normal
354,https://height-weight-chart.com/605-200.html,605-200_DW_L1.jpg," 6' 5"" 180 lbs.","6' 5""",180 lbs.,77,180.0,21.34,Normal
355,https://height-weight-chart.com/605-210.html,605-210_Rick_L1.jpg," 6' 5"" 200 lbs.","6' 5""",200 lbs.,77,200.0,23.71,Normal
356,https://height-weight-chart.com/605-220.html,605-220_John_L1.jpg," 6' 5"" 210 lbs.","6' 5""",210 lbs.,77,210.0,24.9,Normal
357,https://height-weight-chart.com/605-230.html,605-230_Jeremy_L1.jpg," 6' 5"" 220 lbs.","6' 5""",220 lbs.,77,220.0,26.09,Overweight
358,https://height-weight-chart.com/605-240.html,605-240_Jesse_L1.jpg," 6' 5"" 230 lbs.","6' 5""",230 lbs.,77,230.0,27.27,Overweight
359,https://height-weight-chart.com/605-250.html,605-250_Cody_L1.jpg," 6' 5"" 240 lbs.","6' 5""",240 lbs.,77,240.0,28.46,Overweight
360,https://height-weight-chart.com/605-260.html,605-260_Drew_L1.jpg," 6' 5"" 250 lbs.","6' 5""",250 lbs.,77,250.0,29.64,Overweight
361,https://height-weight-chart.com/605-270.html,605-270_Pete_L1.jpg," 6' 5"" 260 lbs.","6' 5""",260 lbs.,77,260.0,30.83,Obesity
362,https://height-weight-chart.com/605-280.html,605-280_George_L1.jpg," 6' 5"" 270 lbs.","6' 5""",270 lbs.,77,270.0,32.01,Obesity
363,https://height-weight-chart.com/605-300.html,605-300_Ben_L1.jpg," 6' 5"" 280 lbs.","6' 5""",280 lbs.,77,280.0,33.2,Obesity
364,https://height-weight-chart.com/606-180.html,606-185_Joshua_L1.jpg," 6' 5"" 300 lbs.","6' 5""",300 lbs.,77,300.0,35.57,Obesity
365,https://height-weight-chart.com/606-210.html,606-210_Kris_L1.jpg," 6' 6"" 180 lbs.","6' 6""",180 lbs.,78,180.0,20.8,Normal
366,https://height-weight-chart.com/606-220.html,606-220_Cameron_L1.jpg," 6' 6"" 210 lbs.","6' 6""",210 lbs.,78,210.0,24.27,Normal
367,https://height-weight-chart.com/606-230.html,606-230_John_L1.jpg," 6' 6"" 220 lbs.","6' 6""",220 lbs.,78,220.0,25.42,Overweight
368,https://height-weight-chart.com/606-240.html,606-240_Kenny_L1.jpg," 6' 6"" 230 lbs.","6' 6""",230 lbs.,78,230.0,26.58,Overweight
369,https://height-weight-chart.com/606-250.html,606-250_Dale_L1.jpg," 6' 6"" 240 lbs.","6' 6""",240 lbs.,78,240.0,27.73,Overweight
370,https://height-weight-chart.com/606-260.html,606-260_Cees_L1.jpg," 6' 6"" 250 lbs.","6' 6""",250 lbs.,78,250.0,28.89,Overweight
371,https://height-weight-chart.com/606-290.html,606-290_Jesse_L1.jpg," 6' 6"" 260 lbs.","6' 6""",260 lbs.,78,260.0,30.04,Obesity
372,https://height-weight-chart.com/606-320.html,606-320_Richard_L1.jpg," 6' 6"" 290 lbs.","6' 6""",290 lbs.,78,290.0,33.51,Obesity
373,https://height-weight-chart.com/606-330.html,606-335_SteveT_L1.jpg," 6' 6"" 320 lbs.","6' 6""",320 lbs.,78,320.0,36.98,Obesity
374,https://height-weight-chart.com/606-370.html,606-370_Vance_L1.jpg," 6' 6"" 330 lbs.","6' 6""",330 lbs.,78,330.0,38.13,Obesity
375,https://height-weight-chart.com/606-380.html,606-380_Michael_L1.jpg," 6' 6"" 370 lbs.","6' 6""",370 lbs.,78,370.0,42.75,Obesity
376,https://height-weight-chart.com/607-170.html,607-170_Lincoln_L1.jpg," 6' 6"" 380 lbs.","6' 6""",380 lbs.,78,380.0,43.91,Obesity
377,https://height-weight-chart.com/607-210.html,607-210_Allan_L1.jpg," 6' 7"" 170 lbs.","6' 7""",170 lbs.,79,170.0,19.15,Normal
378,https://height-weight-chart.com/607-300.html,607-300_Georffrey_L1.jpg," 6' 7"" 210 lbs.","6' 7""",210 lbs.,79,210.0,23.65,Normal
379,https://height-weight-chart.com/608-180.html,608-180_Dan_L1.jpg," 6' 7"" 300 lbs.","6' 7""",300 lbs.,79,300.0,33.79,Obesity
380,https://height-weight-chart.com/608-240.html,608-240_Chris_L1.jpg," 6' 8"" 180 lbs.","6' 8""",180 lbs.,80,180.0,19.77,Normal
381,https://height-weight-chart.com/608-260.html,608-260_Michael_L1.jpg," 6' 8"" 240 lbs.","6' 8""",240 lbs.,80,240.0,26.36,Overweight
382,https://height-weight-chart.com/611-490.html,611-490_Xavier_L1.jpg," 6' 8"" 260 lbs.","6' 8""",260 lbs.,80,260.0,28.56,Overweight
